2020.01.24.919183-p27-132,2020.01.24.919183-p27-132.png,covid
2020.01.24.919183-p27-133,2020.01.24.919183-p27-133.png,covid
2020.01.24.919183-p27-134,2020.01.24.919183-p27-134.png,covid
2020.01.24.919183-p27-135,2020.01.24.919183-p27-135.png,covid
2020.02.10.20021584-p6-52%0,2020.02.10.20021584-p6-52%0.png,covid
2020.02.10.20021584-p6-52%1,2020.02.10.20021584-p6-52%1.png,covid
2020.02.10.20021584-p6-52%10,2020.02.10.20021584-p6-52%10.png,covid
2020.02.10.20021584-p6-52%11,2020.02.10.20021584-p6-52%11.png,covid
2020.02.10.20021584-p6-52%12,2020.02.10.20021584-p6-52%12.png,covid
2020.02.10.20021584-p6-52%13,2020.02.10.20021584-p6-52%13.png,covid
2020.02.10.20021584-p6-52%14,2020.02.10.20021584-p6-52%14.png,covid
2020.02.10.20021584-p6-52%15,2020.02.10.20021584-p6-52%15.png,covid
2020.02.10.20021584-p6-52%2,2020.02.10.20021584-p6-52%2.png,covid
2020.02.10.20021584-p6-52%3,2020.02.10.20021584-p6-52%3.png,covid
2020.02.10.20021584-p6-52%4,2020.02.10.20021584-p6-52%4.png,covid
2020.02.10.20021584-p6-52%5,2020.02.10.20021584-p6-52%5.png,covid
2020.02.10.20021584-p6-52%6,2020.02.10.20021584-p6-52%6.png,covid
2020.02.10.20021584-p6-52%7,2020.02.10.20021584-p6-52%7.png,covid
2020.02.10.20021584-p6-52%8,2020.02.10.20021584-p6-52%8.png,covid
2020.02.10.20021584-p6-52%9,2020.02.10.20021584-p6-52%9.png,covid
2020.02.11.20021493-p16-109%0,2020.02.11.20021493-p16-109%0.png,covid
2020.02.11.20021493-p16-109%1,2020.02.11.20021493-p16-109%1.png,covid
2020.02.11.20021493-p16-109%2,2020.02.11.20021493-p16-109%2.png,covid
2020.02.11.20022053-p12-67%0,2020.02.11.20022053-p12-67%0.png,covid
2020.02.11.20022053-p12-67%1,2020.02.11.20022053-p12-67%1.png,covid
2020.02.11.20022053-p12-67%2,2020.02.11.20022053-p12-67%2.png,covid
2020.02.11.20022053-p12-67%3,2020.02.11.20022053-p12-67%3.png,covid
2020.02.13.20022673-p13-77%0,2020.02.13.20022673-p13-77%0.png,covid
2020.02.13.20022673-p13-77%1,2020.02.13.20022673-p13-77%1.png,covid
2020.02.13.20022673-p13-77%2,2020.02.13.20022673-p13-77%2.png,covid
2020.02.17.20024018-p17-61%0,2020.02.17.20024018-p17-61%0.png,covid
2020.02.17.20024018-p17-61%1,2020.02.17.20024018-p17-61%1.png,covid
2020.02.17.20024018-p17-61%2,2020.02.17.20024018-p17-61%2.png,covid
2020.02.17.20024018-p17-61%3,2020.02.17.20024018-p17-61%3.png,covid
2020.02.17.20024018-p17-61%4,2020.02.17.20024018-p17-61%4.png,covid
2020.02.19.20025023-p20-93%0,2020.02.19.20025023-p20-93%0.png,covid
2020.02.19.20025023-p20-93%1,2020.02.19.20025023-p20-93%1.png,covid
2020.02.19.20025023-p20-93%2,2020.02.19.20025023-p20-93%2.png,covid
2020.02.19.20025023-p20-93%3,2020.02.19.20025023-p20-93%3.png,covid
2020.02.22.20024927-p18-66%0,2020.02.22.20024927-p18-66%0.png,covid
2020.02.22.20024927-p18-66%1,2020.02.22.20024927-p18-66%1.png,covid
2020.02.22.20024927-p18-66%2,2020.02.22.20024927-p18-66%2.png,covid
2020.02.22.20024927-p19-68%0,2020.02.22.20024927-p19-68%0.png,covid
2020.02.22.20024927-p19-68%1,2020.02.22.20024927-p19-68%1.png,covid
2020.02.22.20024927-p19-68%2,2020.02.22.20024927-p19-68%2.png,covid
2020.02.22.20024927-p19-68%3,2020.02.22.20024927-p19-68%3.png,covid
2020.02.22.20024927-p19-68%4,2020.02.22.20024927-p19-68%4.png,covid
2020.02.22.20024927-p19-68%5,2020.02.22.20024927-p19-68%5.png,covid
2020.02.22.20024927-p20-70%0,2020.02.22.20024927-p20-70%0.png,covid
2020.02.22.20024927-p20-70%1,2020.02.22.20024927-p20-70%1.png,covid
2020.02.22.20024927-p20-70%2,2020.02.22.20024927-p20-70%2.png,covid
2020.02.22.20024927-p20-70%3,2020.02.22.20024927-p20-70%3.png,covid
2020.02.23.20026856-p17-115%0,2020.02.23.20026856-p17-115%0.png,covid
2020.02.23.20026856-p17-115%1,2020.02.23.20026856-p17-115%1.png,covid
2020.02.23.20026856-p17-115%2,2020.02.23.20026856-p17-115%2.png,covid
2020.02.23.20026856-p17-115%3,2020.02.23.20026856-p17-115%3.png,covid
2020.02.23.20026856-p17-115%4,2020.02.23.20026856-p17-115%4.png,covid
2020.02.23.20026856-p17-115%5,2020.02.23.20026856-p17-115%5.png,covid
2020.02.24.20027052-p8-73%0,2020.02.24.20027052-p8-73%0.png,covid
2020.02.24.20027052-p8-73%1,2020.02.24.20027052-p8-73%1.png,covid
2020.02.24.20027052-p8-73%2,2020.02.24.20027052-p8-73%2.png,covid
2020.02.24.20027052-p8-73%3,2020.02.24.20027052-p8-73%3.png,covid
2020.02.24.20027201-p19-669,2020.02.24.20027201-p19-669.png,covid
2020.02.24.20027201-p19-670,2020.02.24.20027201-p19-670.png,covid
2020.02.25.20021568-p23-108%0,2020.02.25.20021568-p23-108%0.png,covid
2020.02.25.20021568-p23-108%1,2020.02.25.20021568-p23-108%1.png,covid
2020.02.25.20021568-p23-108%10,2020.02.25.20021568-p23-108%10.png,covid
2020.02.25.20021568-p23-108%11,2020.02.25.20021568-p23-108%11.png,covid
2020.02.25.20021568-p23-108%12,2020.02.25.20021568-p23-108%12.png,covid
2020.02.25.20021568-p23-108%13,2020.02.25.20021568-p23-108%13.png,covid
2020.02.25.20021568-p23-108%14,2020.02.25.20021568-p23-108%14.png,covid
2020.02.25.20021568-p23-108%15,2020.02.25.20021568-p23-108%15.png,covid
2020.02.25.20021568-p23-108%2,2020.02.25.20021568-p23-108%2.png,covid
2020.02.25.20021568-p23-108%3,2020.02.25.20021568-p23-108%3.png,covid
2020.02.25.20021568-p23-108%4,2020.02.25.20021568-p23-108%4.png,covid
2020.02.25.20021568-p23-108%5,2020.02.25.20021568-p23-108%5.png,covid
2020.02.25.20021568-p23-108%6,2020.02.25.20021568-p23-108%6.png,covid
2020.02.25.20021568-p23-108%7,2020.02.25.20021568-p23-108%7.png,covid
2020.02.25.20021568-p23-108%8,2020.02.25.20021568-p23-108%8.png,covid
2020.02.25.20021568-p23-108%9,2020.02.25.20021568-p23-108%9.png,covid
2020.02.25.20021568-p24-111%0,2020.02.25.20021568-p24-111%0.png,covid
2020.02.25.20021568-p24-111%1,2020.02.25.20021568-p24-111%1.png,covid
2020.02.25.20021568-p24-111%2,2020.02.25.20021568-p24-111%2.png,covid
2020.02.25.20021568-p24-111%3,2020.02.25.20021568-p24-111%3.png,covid
2020.02.25.20021568-p24-111%4,2020.02.25.20021568-p24-111%4.png,covid
2020.02.25.20021568-p24-111%5,2020.02.25.20021568-p24-111%5.png,covid
2020.02.25.20021568-p24-111%6,2020.02.25.20021568-p24-111%6.png,covid
2020.02.25.20021568-p24-111%7,2020.02.25.20021568-p24-111%7.png,covid
2020.02.25.20021568-p24-111%8,2020.02.25.20021568-p24-111%8.png,covid
2020.02.25.20021568-p24-111%9,2020.02.25.20021568-p24-111%9.png,covid
2020.02.25.20027763-p15-53%0,2020.02.25.20027763-p15-53%0.png,covid
2020.02.25.20027763-p15-53%1,2020.02.25.20027763-p15-53%1.png,covid
2020.02.26.20026989-p34-114_1%0,2020.02.26.20026989-p34-114_1%0.png,covid
2020.02.26.20026989-p34-114_1%1,2020.02.26.20026989-p34-114_1%1.png,covid
2020.02.26.20026989-p34-114_2%0,2020.02.26.20026989-p34-114_2%0.png,covid
2020.02.26.20026989-p34-114_2%1,2020.02.26.20026989-p34-114_2%1.png,covid
2020.02.26.20027938-p6-80_1%0,2020.02.26.20027938-p6-80_1%0.png,covid
2020.02.26.20027938-p6-80_1%1,2020.02.26.20027938-p6-80_1%1.png,covid
2020.02.26.20027938-p6-80_2%0,2020.02.26.20027938-p6-80_2%0.png,covid
2020.02.26.20027938-p6-80_2%1,2020.02.26.20027938-p6-80_2%1.png,covid
2020.02.26.20027938-p6-80_3%0,2020.02.26.20027938-p6-80_3%0.png,covid
2020.02.26.20027938-p6-80_3%1,2020.02.26.20027938-p6-80_3%1.png,covid
2020.02.27.20027557-p25-137%0,2020.02.27.20027557-p25-137%0.png,covid
2020.02.27.20027557-p25-137%1,2020.02.27.20027557-p25-137%1.png,covid
2020.02.27.20027557-p25-137%2,2020.02.27.20027557-p25-137%2.png,covid
2020.02.27.20027557-p25-137%3,2020.02.27.20027557-p25-137%3.png,covid
2020.02.27.20027557-p25-137%4,2020.02.27.20027557-p25-137%4.png,covid
2020.02.28.20029025-p23-182,2020.02.28.20029025-p23-182.png,covid
2020.02.28.20029025-p23-183,2020.02.28.20029025-p23-183.png,covid
2020.03.01.20029769-p21-73_1%0,2020.03.01.20029769-p21-73_1%0.png,covid
2020.03.01.20029769-p21-73_1%1,2020.03.01.20029769-p21-73_1%1.png,covid
2020.03.01.20029769-p21-73_1%2,2020.03.01.20029769-p21-73_1%2.png,covid
2020.03.01.20029769-p21-73_2%0,2020.03.01.20029769-p21-73_2%0.png,covid
2020.03.01.20029769-p21-73_2%1,2020.03.01.20029769-p21-73_2%1.png,covid
2020.03.01.20029769-p21-73_2%2,2020.03.01.20029769-p21-73_2%2.png,covid
2020.03.01.20029769-p21-73_3,2020.03.01.20029769-p21-73_3.png,covid
2020.03.01.20029769-p21-73_4,2020.03.01.20029769-p21-73_4.png,covid
2020.03.03.20030353-p17-106%0,2020.03.03.20030353-p17-106%0.png,covid
2020.03.03.20030353-p17-106%1,2020.03.03.20030353-p17-106%1.png,covid
2020.03.03.20030353-p17-106%2,2020.03.03.20030353-p17-106%2.png,covid
2020.03.03.20030775-p10-88%0,2020.03.03.20030775-p10-88%0.png,covid
2020.03.03.20030775-p10-88%1,2020.03.03.20030775-p10-88%1.png,covid
2020.03.03.20030775-p11-91,2020.03.03.20030775-p11-91.png,covid
2020.03.03.20030775-p12-93%0,2020.03.03.20030775-p12-93%0.png,covid
2020.03.03.20030775-p12-93%1,2020.03.03.20030775-p12-93%1.png,covid
2020.03.04.20026005-p12-1946%0,2020.03.04.20026005-p12-1946%0.png,covid
2020.03.04.20026005-p12-1946%1,2020.03.04.20026005-p12-1946%1.png,covid
2020.03.04.20026005-p12-1946%2,2020.03.04.20026005-p12-1946%2.png,covid
2020.03.04.20026005-p12-1946%3,2020.03.04.20026005-p12-1946%3.png,covid
2020.03.04.20026005-p12-1946%4,2020.03.04.20026005-p12-1946%4.png,covid
2020.03.04.20026005-p12-1946%5,2020.03.04.20026005-p12-1946%5.png,covid
2020.03.04.20030395-p27-108%0,2020.03.04.20030395-p27-108%0.png,covid
2020.03.04.20030395-p27-108%1,2020.03.04.20030395-p27-108%1.png,covid
2020.03.04.20030395-p27-108%2,2020.03.04.20030395-p27-108%2.png,covid
2020.03.04.20030395-p27-108%3,2020.03.04.20030395-p27-108%3.png,covid
2020.03.04.20030395-p27-108%4,2020.03.04.20030395-p27-108%4.png,covid
2020.03.04.20030395-p27-108%5,2020.03.04.20030395-p27-108%5.png,covid
2020.03.04.20030395-p27-108%6,2020.03.04.20030395-p27-108%6.png,covid
2020.03.04.20030395-p27-108%7,2020.03.04.20030395-p27-108%7.png,covid
2020.03.04.20030395-p27-108%8,2020.03.04.20030395-p27-108%8.png,covid
2020.03.04.20031039-p23-97_1%0,2020.03.04.20031039-p23-97_1%0.png,covid
2020.03.04.20031039-p23-97_1%1,2020.03.04.20031039-p23-97_1%1.png,covid
2020.03.04.20031039-p23-97_1%2,2020.03.04.20031039-p23-97_1%2.png,covid
2020.03.04.20031039-p23-97_2%0,2020.03.04.20031039-p23-97_2%0.png,covid
2020.03.04.20031039-p23-97_2%1,2020.03.04.20031039-p23-97_2%1.png,covid
2020.03.04.20031039-p23-97_2%2,2020.03.04.20031039-p23-97_2%2.png,covid
2020.03.04.20031047-p12-81%0,2020.03.04.20031047-p12-81%0.png,covid
2020.03.04.20031047-p12-81%1,2020.03.04.20031047-p12-81%1.png,covid
2020.03.04.20031047-p12-81%2,2020.03.04.20031047-p12-81%2.png,covid
2020.03.04.20031047-p12-81%3,2020.03.04.20031047-p12-81%3.png,covid
2020.03.04.20031047-p13-84%0,2020.03.04.20031047-p13-84%0.png,covid
2020.03.04.20031047-p13-84%1,2020.03.04.20031047-p13-84%1.png,covid
2020.03.04.20031047-p13-84%2,2020.03.04.20031047-p13-84%2.png,covid
2020.03.04.20031047-p13-84%3,2020.03.04.20031047-p13-84%3.png,covid
2020.03.04.20031047-p13-84%4,2020.03.04.20031047-p13-84%4.png,covid
2020.03.04.20031047-p13-84%5,2020.03.04.20031047-p13-84%5.png,covid
2020.03.04.20031047-p14-87%0,2020.03.04.20031047-p14-87%0.png,covid
2020.03.04.20031047-p14-87%1,2020.03.04.20031047-p14-87%1.png,covid
2020.03.07.20031393-p7-50%0,2020.03.07.20031393-p7-50%0.png,covid
2020.03.07.20031393-p7-50%1,2020.03.07.20031393-p7-50%1.png,covid
2020.03.07.20031393-p7-50%2,2020.03.07.20031393-p7-50%2.png,covid
2020.03.07.20031393-p7-50%3,2020.03.07.20031393-p7-50%3.png,covid
2020.03.08.20031658-p15-103,2020.03.08.20031658-p15-103.png,covid
2020.03.08.20031658-p15-104,2020.03.08.20031658-p15-104.png,covid
2020.03.08.20031658-p15-105,2020.03.08.20031658-p15-105.png,covid
2020.03.08.20031658-p15-106,2020.03.08.20031658-p15-106.png,covid
2020.03.09.20033118-p20-93%0,2020.03.09.20033118-p20-93%0.png,covid
2020.03.09.20033118-p20-93%1,2020.03.09.20033118-p20-93%1.png,covid
2020.03.09.20033118-p20-93%2,2020.03.09.20033118-p20-93%2.png,covid
2020.03.09.20033118-p20-93%3,2020.03.09.20033118-p20-93%3.png,covid
2020.03.10.20032136-p34-118_1%0,2020.03.10.20032136-p34-118_1%0.png,covid
2020.03.10.20032136-p34-118_1%1,2020.03.10.20032136-p34-118_1%1.png,covid
2020.03.10.20032136-p34-118_2%0,2020.03.10.20032136-p34-118_2%0.png,covid
2020.03.10.20032136-p34-118_2%1,2020.03.10.20032136-p34-118_2%1.png,covid
2020.03.11.20033159-p12-45%0,2020.03.11.20033159-p12-45%0.png,covid
2020.03.11.20033159-p12-45%1,2020.03.11.20033159-p12-45%1.png,covid
2020.03.11.20033159-p12-45%2,2020.03.11.20033159-p12-45%2.png,covid
2020.03.11.20033159-p12-45%3,2020.03.11.20033159-p12-45%3.png,covid
2020.03.11.20033159-p12-45%4,2020.03.11.20033159-p12-45%4.png,covid
2020.03.11.20033159-p12-45%5,2020.03.11.20033159-p12-45%5.png,covid
2020.03.12.20027185-p8-216,2020.03.12.20027185-p8-216.png,covid
2020.03.12.20027185-p8-217,2020.03.12.20027185-p8-217.png,covid
2020.03.12.20027185-p8-218,2020.03.12.20027185-p8-218.png,covid
2020.03.12.20027185-p8-221,2020.03.12.20027185-p8-221.png,covid
2020.03.12.20034686-p17-91-3,2020.03.12.20034686-p17-91-3.png,covid
2020.03.12.20034686-p17-91-4,2020.03.12.20034686-p17-91-4.png,covid
2020.03.12.20034686-p17-91-5,2020.03.12.20034686-p17-91-5.png,covid
2020.03.12.20034686-p17-91-6,2020.03.12.20034686-p17-91-6.png,covid
2020.03.13.20035212-p23-152,2020.03.13.20035212-p23-152.png,covid
2020.03.13.20035212-p23-153,2020.03.13.20035212-p23-153.png,covid
2020.03.13.20035212-p23-154,2020.03.13.20035212-p23-154.png,covid
14,14.png,non_covid
15,15.png,non_covid
33,33.png,non_covid
43,43.png,non_covid
44,44.png,non_covid
59,59.png,non_covid
81,81.png,non_covid
82,82.png,non_covid
102,102.png,non_covid
103,103.png,non_covid
104,104.png,non_covid
114,114.png,non_covid
115,115.png,non_covid
116,116.png,non_covid
117,117.png,non_covid
118,118.png,non_covid
120,120.png,non_covid
158,158.png,non_covid
171,171.png,non_covid
174,174.png,non_covid
226,226.png,non_covid
227,227.png,non_covid
294,294.png,non_covid
354,354.png,non_covid
361,361.png,non_covid
378,378.png,non_covid
381,381.png,non_covid
382,382.png,non_covid
383,383.png,non_covid
385,385.png,non_covid
575,575.png,non_covid
576,576.png,non_covid
577,577.png,non_covid
578,578.png,non_covid
579,579.png,non_covid
580,580.png,non_covid
585,585.png,non_covid
586,586.png,non_covid
587,587.png,non_covid
672,672.png,non_covid
673,673.png,non_covid
704,704.png,non_covid
705,705.png,non_covid
706,706.png,non_covid
781,781.png,non_covid
782,782.png,non_covid
921,921.png,non_covid
956,956.png,non_covid
957,957.png,non_covid
1029,1029.png,non_covid
1030,1030.png,non_covid
1058,1058.png,non_covid
1059,1059.png,non_covid
1060,1060.png,non_covid
1061,1061.png,non_covid
1062,1062.png,non_covid
1065,1065.png,non_covid
1093,1093.png,non_covid
1094,1094.png,non_covid
1099,1099.png,non_covid
1100,1100.png,non_covid
1101,1101.png,non_covid
1115,1115.png,non_covid
1123,1123.png,non_covid
1124,1124.png,non_covid
1221,1221.png,non_covid
1239,1239.png,non_covid
1240,1240.png,non_covid
1277,1277.png,non_covid
1305,1305.png,non_covid
1306,1306.png,non_covid
1307,1307.png,non_covid
1308,1308.png,non_covid
1309,1309.png,non_covid
1310,1310.png,non_covid
1312,1312.png,non_covid
1313,1313.png,non_covid
1328,1328.png,non_covid
1330,1330.png,non_covid
1331,1331.png,non_covid
1332,1332.png,non_covid
1333,1333.png,non_covid
1335,1335.png,non_covid
1336,1336.png,non_covid
1463,1463.png,non_covid
1561,1561.png,non_covid
1562,1562.png,non_covid
1575,1575.png,non_covid
1576,1576.png,non_covid
1577,1577.png,non_covid
1638,1638.png,non_covid
1702,1702.png,non_covid
1845,1845.png,non_covid
1846,1846.png,non_covid
1868,1868.png,non_covid
1888,1888.png,non_covid
1889,1889.png,non_covid
1920,1920.png,non_covid
1921,1921.png,non_covid
1922,1922.png,non_covid
1923,1923.png,non_covid
1924,1924.png,non_covid
1952,1952.png,non_covid
2007,2007.png,non_covid
2039,2039.png,non_covid
2040,2040.png,non_covid
2041,2041.png,non_covid
2138,2138.png,non_covid
2139,2139.png,non_covid
2140,2140.png,non_covid
2141,2141.png,non_covid
2142,2142.png,non_covid
2143,2143.png,non_covid
2144,2144.png,non_covid
2145,2145.png,non_covid
34,34.jpg,non_covid
35%0,35%0.jpg,non_covid
35%1,35%1.jpg,non_covid
35%2,35%2.jpg,non_covid
36%0,36%0.jpg,non_covid
36%1,36%1.jpg,non_covid
37%0,37%0.jpg,non_covid
37%1,37%1.jpg,non_covid
37%2,37%2.jpg,non_covid
37%3,37%3.jpg,non_covid
37%4,37%4.jpg,non_covid
38%0,38%0.jpg,non_covid
38%1,38%1.jpg,non_covid
38%2,38%2.jpg,non_covid
39%0,39%0.jpg,non_covid
39%1,39%1.jpg,non_covid
39%2,39%2.jpg,non_covid
39%3,39%3.jpg,non_covid
39%4,39%4.jpg,non_covid
39%5,39%5.jpg,non_covid
39%6,39%6.jpg,non_covid
39%7,39%7.jpg,non_covid
39%8,39%8.jpg,non_covid
40%0,40%0.jpg,non_covid
40%1,40%1.jpg,non_covid
41,41.jpg,non_covid
42,42.jpg,non_covid
43%1,43%1.jpg,non_covid
43%2,43%2.jpg,non_covid
43%3,43%3.jpg,non_covid
44%0,44%0.jpg,non_covid
44%1,44%1.jpg,non_covid
45,45.jpg,non_covid
46,46.jpg,non_covid
47,47.jpg,non_covid
48,48.jpg,non_covid
49%0,49%0.jpg,non_covid
49%1,49%1.jpg,non_covid
50,50.jpg,non_covid
51%0,51%0.jpg,non_covid
51%1,51%1.jpg,non_covid
51%2,51%2.jpg,non_covid
51%3,51%3.jpg,non_covid
52%0,52%0.jpg,non_covid
52%1,52%1.jpg,non_covid
53,53.jpg,non_covid
54%0,54%0.jpg,non_covid
54%1,54%1.jpg,non_covid
54%2,54%2.jpg,non_covid
54%3,54%3.jpg,non_covid
56%0,56%0.jpg,non_covid
56%1,56%1.jpg,non_covid
57%0,57%0.jpg,non_covid
59%0,59%0.jpg,non_covid
60,60.jpg,non_covid
62,62.jpg,non_covid
63%0,63%0.jpg,non_covid
63%1,63%1.jpg,non_covid
63%2,63%2.jpg,non_covid
63%3,63%3.jpg,non_covid
63%4,63%4.jpg,non_covid
63%5,63%5.jpg,non_covid
63%6,63%6.jpg,non_covid
63%7,63%7.jpg,non_covid
64,64.jpg,non_covid
65%0,65%0.jpg,non_covid
65%1,65%1.jpg,non_covid
65%2,65%2.jpg,non_covid
65%3,65%3.jpg,non_covid
65%4,65%4.jpg,non_covid
66,66.jpg,non_covid
67%0,67%0.jpg,non_covid
67%1,67%1.jpg,non_covid
67%2,67%2.jpg,non_covid
68,68.jpg,non_covid
69%0,69%0.jpg,non_covid
69%1,69%1.jpg,non_covid
70%0,70%0.jpg,non_covid
70%1,70%1.jpg,non_covid
71%0,71%0.jpg,non_covid
71%1,71%1.jpg,non_covid
72,72.jpg,non_covid
73,73.jpg,non_covid
74,74.jpg,non_covid
75%0,75%0.jpg,non_covid
75%1,75%1.jpg,non_covid
76%0,76%0.jpg,non_covid
76%1,76%1.jpg,non_covid
76%2,76%2.jpg,non_covid
77,77.jpg,non_covid
78,78.jpg,non_covid
79,79.jpg,non_covid
80%0,80%0.jpg,non_covid
80%1,80%1.jpg,non_covid
81%0,81%0.jpg,non_covid
81%1,81%1.jpg,non_covid
81%2,81%2.jpg,non_covid
81%3,81%3.jpg,non_covid
82%0,82%0.jpg,non_covid
82%1,82%1.jpg,non_covid
82%2,82%2.jpg,non_covid
82%3,82%3.jpg,non_covid
83%0,83%0.jpg,non_covid
83%1,83%1.jpg,non_covid
83%2,83%2.jpg,non_covid
83%3,83%3.jpg,non_covid
84%0,84%0.jpg,non_covid
84%1,84%1.jpg,non_covid
84%2,84%2.jpg,non_covid
84%3,84%3.jpg,non_covid
85%0,85%0.jpg,non_covid
85%1,85%1.jpg,non_covid
86,86.jpg,non_covid
88,88.jpg,non_covid
89%2,89%2.jpg,non_covid
89%3,89%3.jpg,non_covid
90,90.jpg,non_covid
91%0,91%0.jpg,non_covid
91%1,91%1.jpg,non_covid